Workbook

Sheet RESUMEN PARIDADES
B2: PARIDAD NY | I2: PARIDAD LDN | P2: PARIDAD USD / EUR OBSERVADO
B4: NEMO | C4: MON | D4: 46233 | E4: 46234 | F4: VAR | I4: NEMO | J4: MON | K4: 46233 | L4: 46234 | M4: VAR | P4: NEMO | Q4: MON | R4: 46233 | S4: 46234 | T4: VAR
B5: AUD | C5: USD | D5: =SUMIFS('Data Paridad NY'!B:B,'Data Paridad NY'!F:F,CONCATENATE(B5,C5),'Data Paridad NY'!A:A,$D$4) -> 0.7027 | E5: =SUMIFS('Data Paridad NY'!B:B,'Data Paridad NY'!F:F,CONCATENATE(B5,C5),'Data Paridad NY'!A:A,$E$4) -> 0.7019 | F5: =IF(+E5/D5-1=-1,0,+E5/D5-1) -> -0.0011384659 | I5: EUR | J5: USD | K5: =SUMIFS('Data Paridad LDN'!B:B,'Data Paridad LDN'!F:F,_xlfn.CONCAT(I5,J5),'Data Paridad LDN'!A:A,$K$4) -> 1.1503509 | L5: =SUMIFS('Data Paridad LDN'!B:B,'Data Paridad LDN'!F:F,_xlfn.CONCAT(I5,J5),'Data Paridad LDN'!A:A,$L$4) -> 1.1505494 | M5: =IF(+L5/K5-1=-1,0,+L5/K5-1) -> 0.00017255604 | O5: =CONCATENATE(P5,Q5) -> EURCLP | P5: EUR | Q5: CLP | R5: =SUMIFS('Data EUR|USD OBS'!B:B,'Data EUR|USD OBS'!F:F,_xlfn.CONCAT(P5,Q5),'Data EUR|USD OBS'!A:A,$R$4) -> 1066.4 | S5: =SUMIFS('Data EUR|USD OBS'!B:B,'Data EUR|USD OBS'!F:F,_xlfn.CONCAT(P5,Q5),'Data EUR|USD OBS'!A:A,$S$4) -> 1070.35 | T5: =IF(+S5/R5-1=-1,0,+S5/R5-1) -> 0.003704051
B6: CLF | C6: CLP | D6: =SUMIFS('Data Paridad NY'!B:B,'Data Paridad NY'!F:F,CONCATENATE(B6,C6),'Data Paridad NY'!A:A,$D$4) -> 40844.79 | E6: =SUMIFS('Data Paridad NY'!B:B,'Data Paridad NY'!F:F,CONCATENATE(B6,C6),'Data Paridad NY'!A:A,$E$4) -> 40844.79 | F6: =IF(+E6/D6-1=-1,0,+E6/D6-1) -> 0 | I6: USD | J6: BRL | K6: =SUMIFS('Data Paridad LDN'!B:B,'Data Paridad LDN'!F:F,_xlfn.CONCAT(I6,J6),'Data Paridad LDN'!A:A,$K$4) -> 5.06925 | L6: =SUMIFS('Data Paridad LDN'!B:B,'Data Paridad LDN'!F:F,_xlfn.CONCAT(I6,J6),'Data Paridad LDN'!A:A,$L$4) -> 5.08065 | M6: =IF(+L6/K6-1=-1,0,+L6/K6-1) -> 0.0022488534 | P6: USD | Q6: CLP | R6: =SUMIFS('Data EUR|USD OBS'!B:B,'Data EUR|USD OBS'!F:F,_xlfn.CONCAT(P6,Q6),'Data EUR|USD OBS'!A:A,$R$4) -> 924.78 | S6: =SUMIFS('Data EUR|USD OBS'!B:B,'Data EUR|USD OBS'!F:F,_xlfn.CONCAT(P6,Q6),'Data EUR|USD OBS'!A:A,$S$4) -> 928.42 | T6: =IF(+S6/R6-1=-1,0,+S6/R6-1) -> 0.0039360713
B7: CLF | C7: USD | D7: =SUMIFS('Data Paridad NY'!B:B,'Data Paridad NY'!F:F,CONCATENATE(B7,C7),'Data Paridad NY'!A:A,$D$4) -> 44.167034 | E7: =SUMIFS('Data Paridad NY'!B:B,'Data Paridad NY'!F:F,CONCATENATE(B7,C7),'Data Paridad NY'!A:A,$E$4) -> 43.993871 | F7: =IF(+E7/D7-1=-1,0,+E7/D7-1) -> -0.0039206393 | I7: USD | J7: CAD | K7: =SUMIFS('Data Paridad LDN'!B:B,'Data Paridad LDN'!F:F,_xlfn.CONCAT(I7,J7),'Data Paridad LDN'!A:A,$K$4) -> 1.40165 | L7: =SUMIFS('Data Paridad LDN'!B:B,'Data Paridad LDN'!F:F,_xlfn.CONCAT(I7,J7),'Data Paridad LDN'!A:A,$L$4) -> 1.40285 | M7: =IF(+L7/K7-1=-1,0,+L7/K7-1) -> 0.00085613384
B8: EUR | C8: USD | D8: =SUMIFS('Data Paridad NY'!B:B,'Data Paridad NY'!F:F,CONCATENATE(B8,C8),'Data Paridad NY'!A:A,$D$4) -> 1.1527 | E8: =SUMIFS('Data Paridad NY'!B:B,'Data Paridad NY'!F:F,CONCATENATE(B8,C8),'Data Paridad NY'!A:A,$E$4) -> 1.1527 | F8: =IF(+E8/D8-1=-1,0,+E8/D8-1) -> 0 | I8: USD | J8: CLP | K8: =SUMIFS('Data Paridad LDN'!B:B,'Data Paridad LDN'!F:F,_xlfn.CONCAT(I8,J8),'Data Paridad LDN'!A:A,$K$4) -> 924.375 | L8: =SUMIFS('Data Paridad LDN'!B:B,'Data Paridad LDN'!F:F,_xlfn.CONCAT(I8,J8),'Data Paridad LDN'!A:A,$L$4) -> 928.475 | M8: =IF(+L8/K8-1=-1,0,+L8/K8-1) -> 0.0044354293
B9: GBP | C9: USD | D9: =SUMIFS('Data Paridad NY'!B:B,'Data Paridad NY'!F:F,CONCATENATE(B9,C9),'Data Paridad NY'!A:A,$D$4) -> 1.3464 | E9: =SUMIFS('Data Paridad NY'!B:B,'Data Paridad NY'!F:F,CONCATENATE(B9,C9),'Data Paridad NY'!A:A,$E$4) -> 1.3483 | F9: =IF(+E9/D9-1=-1,0,+E9/D9-1) -> 0.0014111705 | I9: USD | J9: MXN | K9: =SUMIFS('Data Paridad LDN'!B:B,'Data Paridad LDN'!F:F,_xlfn.CONCAT(I9,J9),'Data Paridad LDN'!A:A,$K$4) -> 17.357 | L9: =SUMIFS('Data Paridad LDN'!B:B,'Data Paridad LDN'!F:F,_xlfn.CONCAT(I9,J9),'Data Paridad LDN'!A:A,$L$4) -> 17.3504 | M9: =IF(+L9/K9-1=-1,0,+L9/K9-1) -> -0.00038025004
B10: NZD | C10: USD | D10: =SUMIFS('Data Paridad NY'!B:B,'Data Paridad NY'!F:F,CONCATENATE(B10,C10),'Data Paridad NY'!A:A,$D$4) -> 0.5878 | E10: =SUMIFS('Data Paridad NY'!B:B,'Data Paridad NY'!F:F,CONCATENATE(B10,C10),'Data Paridad NY'!A:A,$E$4) -> 0.5879 | F10: =IF(+E10/D10-1=-1,0,+E10/D10-1) -> 0.00017012589 | I10: USD | J10: PEN | K10: =SUMIFS('Data Paridad LDN'!B:B,'Data Paridad LDN'!F:F,_xlfn.CONCAT(I10,J10),'Data Paridad LDN'!A:A,$K$4) -> 3.3866 | L10: =SUMIFS('Data Paridad LDN'!B:B,'Data Paridad LDN'!F:F,_xlfn.CONCAT(I10,J10),'Data Paridad LDN'!A:A,$L$4) -> 3.3972 | M10: =IF(+L10/K10-1=-1,0,+L10/K10-1) -> 0.0031299829
B11: USD | C11: BRL | D11: =SUMIFS('Data Paridad NY'!B:B,'Data Paridad NY'!F:F,CONCATENATE(B11,C11),'Data Paridad NY'!A:A,$D$4) -> 5.0587 | E11: =SUMIFS('Data Paridad NY'!B:B,'Data Paridad NY'!F:F,CONCATENATE(B11,C11),'Data Paridad NY'!A:A,$E$4) -> 5.0729 | F11: =IF(+E11/D11-1=-1,0,+E11/D11-1) -> 0.0028070453 | I11: USD | J11: ARS | K11: =SUMIFS('Data Paridad LDN'!B:B,'Data Paridad LDN'!F:F,_xlfn.CONCAT(I11,J11),'Data Paridad LDN'!A:A,$K$4) -> 1492.0102 | L11: =SUMIFS('Data Paridad LDN'!B:B,'Data Paridad LDN'!F:F,_xlfn.CONCAT(I11,J11),'Data Paridad LDN'!A:A,$L$4) -> 1577.5941 | M11: =IF(+L11/K11-1=-1,0,+L11/K11-1) -> 0.057361522
B12: USD | C12: CAD | D12: =SUMIFS('Data Paridad NY'!B:B,'Data Paridad NY'!F:F,CONCATENATE(B12,C12),'Data Paridad NY'!A:A,$D$4) -> 1.4007 | E12: =SUMIFS('Data Paridad NY'!B:B,'Data Paridad NY'!F:F,CONCATENATE(B12,C12),'Data Paridad NY'!A:A,$E$4) -> 1.4021 | F12: =IF(+E12/D12-1=-1,0,+E12/D12-1) -> 0.00099950025 | I12: USD | J12: COP | K12: =SUMIFS('Data Paridad LDN'!B:B,'Data Paridad LDN'!F:F,_xlfn.CONCAT(I12,J12),'Data Paridad LDN'!A:A,$K$4) -> 3138.45 | L12: =SUMIFS('Data Paridad LDN'!B:B,'Data Paridad LDN'!F:F,_xlfn.CONCAT(I12,J12),'Data Paridad LDN'!A:A,$L$4) -> 3146.59 | M12: =IF(+L12/K12-1=-1,0,+L12/K12-1) -> 0.002593637
B13: USD | C13: CHF | D13: =SUMIFS('Data Paridad NY'!B:B,'Data Paridad NY'!F:F,CONCATENATE(B13,C13),'Data Paridad NY'!A:A,$D$4) -> 0.8055 | E13: =SUMIFS('Data Paridad NY'!B:B,'Data Paridad NY'!F:F,CONCATENATE(B13,C13),'Data Paridad NY'!A:A,$E$4) -> 0.8075 | F13: =IF(+E13/D13-1=-1,0,+E13/D13-1) -> 0.0024829299 | I13: USD | J13: NOK | K13: =SUMIFS('Data Paridad LDN'!B:B,'Data Paridad LDN'!F:F,_xlfn.CONCAT(I13,J13),'Data Paridad LDN'!A:A,$K$4) -> 9.56445 | L13: =SUMIFS('Data Paridad LDN'!B:B,'Data Paridad LDN'!F:F,_xlfn.CONCAT(I13,J13),'Data Paridad LDN'!A:A,$L$4) -> 9.4842 | M13: =IF(+L13/K13-1=-1,0,+L13/K13-1) -> -0.0083904459
B14: USD | C14: CLP | D14: =SUMIFS('Data Paridad NY'!B:B,'Data Paridad NY'!F:F,CONCATENATE(B14,C14),'Data Paridad NY'!A:A,$D$4) -> 925.57 | E14: =SUMIFS('Data Paridad NY'!B:B,'Data Paridad NY'!F:F,CONCATENATE(B14,C14),'Data Paridad NY'!A:A,$E$4) -> 930.86 | F14: =IF(+E14/D14-1=-1,0,+E14/D14-1) -> 0.005715397 | I14: USD | J14: USM | K14: =SUMIFS('Data Paridad LDN'!B:B,'Data Paridad LDN'!F:F,_xlfn.CONCAT(I14,J14),'Data Paridad LDN'!A:A,$K$4) -> 1 | L14: =SUMIFS('Data Paridad LDN'!B:B,'Data Paridad LDN'!F:F,_xlfn.CONCAT(I14,J14),'Data Paridad LDN'!A:A,$L$4) -> 1 | M14: =IF(+L14/K14-1=-1,0,+L14/K14-1) -> 0
B15: USD | C15: COP | D15: =SUMIFS('Data Paridad NY'!B:B,'Data Paridad NY'!F:F,CONCATENATE(B15,C15),'Data Paridad NY'!A:A,$D$4) -> 3116.68 | E15: =SUMIFS('Data Paridad NY'!B:B,'Data Paridad NY'!F:F,CONCATENATE(B15,C15),'Data Paridad NY'!A:A,$E$4) -> 3152.58 | F15: =IF(+E15/D15-1=-1,0,+E15/D15-1) -> 0.011518667 | I15: USM | J15: ARS | K15: =SUMIFS('Data Paridad LDN'!B:B,'Data Paridad LDN'!F:F,_xlfn.CONCAT(I15,J15),'Data Paridad LDN'!A:A,$K$4) -> 1507.8957 | L15: =SUMIFS('Data Paridad LDN'!B:B,'Data Paridad LDN'!F:F,_xlfn.CONCAT(I15,J15),'Data Paridad LDN'!A:A,$L$4) -> 1517.6678 | M15: =IF(+L15/K15-1=-1,0,+L15/K15-1) -> 0.0064806698
B16: USD | C16: CRC | D16: =SUMIFS('Data Paridad NY'!B:B,'Data Paridad NY'!F:F,CONCATENATE(B16,C16),'Data Paridad NY'!A:A,$D$4) -> 451.25 | E16: =SUMIFS('Data Paridad NY'!B:B,'Data Paridad NY'!F:F,CONCATENATE(B16,C16),'Data Paridad NY'!A:A,$E$4) -> 450.85 | F16: =IF(+E16/D16-1=-1,0,+E16/D16-1) -> -0.00088642659 | I16: GBP | J16: USD | K16: =SUMIFS('Data Paridad LDN'!B:B,'Data Paridad LDN'!F:F,_xlfn.CONCAT(I16,J16),'Data Paridad LDN'!A:A,$K$4) -> 1.3427505 | L16: =SUMIFS('Data Paridad LDN'!B:B,'Data Paridad LDN'!F:F,_xlfn.CONCAT(I16,J16),'Data Paridad LDN'!A:A,$L$4) -> 1.3457501 | M16: =IF(+L16/K16-1=-1,0,+L16/K16-1) -> 0.0022339221
B17: USD | C17: JPY | D17: =SUMIFS('Data Paridad NY'!B:B,'Data Paridad NY'!F:F,CONCATENATE(B17,C17),'Data Paridad NY'!A:A,$D$4) -> 159.74 | E17: =SUMIFS('Data Paridad NY'!B:B,'Data Paridad NY'!F:F,CONCATENATE(B17,C17),'Data Paridad NY'!A:A,$E$4) -> 157.4 | F17: =IF(+E17/D17-1=-1,0,+E17/D17-1) -> -0.014648804
B18: USD | C18: MXN | D18: =SUMIFS('Data Paridad NY'!B:B,'Data Paridad NY'!F:F,CONCATENATE(B18,C18),'Data Paridad NY'!A:A,$D$4) -> 17.3478 | E18: =SUMIFS('Data Paridad NY'!B:B,'Data Paridad NY'!F:F,CONCATENATE(B18,C18),'Data Paridad NY'!A:A,$E$4) -> 17.3426 | F18: =IF(+E18/D18-1=-1,0,+E18/D18-1) -> -0.00029974982
B19: USD | C19: NOK | D19: =SUMIFS('Data Paridad NY'!B:B,'Data Paridad NY'!F:F,CONCATENATE(B19,C19),'Data Paridad NY'!A:A,$D$4) -> 9.5248 | E19: =SUMIFS('Data Paridad NY'!B:B,'Data Paridad NY'!F:F,CONCATENATE(B19,C19),'Data Paridad NY'!A:A,$E$4) -> 9.4756 | F19: =IF(+E19/D19-1=-1,0,+E19/D19-1) -> -0.0051654628
B20: USD | C20: PEN | D20: =SUMIFS('Data Paridad NY'!B:B,'Data Paridad NY'!F:F,CONCATENATE(B20,C20),'Data Paridad NY'!A:A,$D$4) -> 3.395 | E20: =SUMIFS('Data Paridad NY'!B:B,'Data Paridad NY'!F:F,CONCATENATE(B20,C20),'Data Paridad NY'!A:A,$E$4) -> 3.3985 | F20: =IF(+E20/D20-1=-1,0,+E20/D20-1) -> 0.0010309278
B21: USD | C21: UDI | D21: =SUMIFS('Data Paridad NY'!B:B,'Data Paridad NY'!F:F,CONCATENATE(B21,C21),'Data Paridad NY'!A:A,$D$4) -> 2.0091 | E21: =SUMIFS('Data Paridad NY'!B:B,'Data Paridad NY'!F:F,CONCATENATE(B21,C21),'Data Paridad NY'!A:A,$E$4) -> 2.0066 | F21: =IF(+E21/D21-1=-1,0,+E21/D21-1) -> -0.0012443383
B22: USD | C22: HKD | D22: =SUMIFS('Data Paridad NY'!B:B,'Data Paridad NY'!F:F,CONCATENATE(B22,C22),'Data Paridad NY'!A:A,$D$4) -> 7.8431 | E22: =SUMIFS('Data Paridad NY'!B:B,'Data Paridad NY'!F:F,CONCATENATE(B22,C22),'Data Paridad NY'!A:A,$E$4) -> 7.8422 | F22: =IF(+E22/D22-1=-1,0,+E22/D22-1) -> -0.00011475055
B23: USD | C23: ZAR | D23: =SUMIFS('Data Paridad NY'!B:B,'Data Paridad NY'!F:F,CONCATENATE(B23,C23),'Data Paridad NY'!A:A,$D$4) -> 16.5012 | E23: =SUMIFS('Data Paridad NY'!B:B,'Data Paridad NY'!F:F,CONCATENATE(B23,C23),'Data Paridad NY'!A:A,$E$4) -> 16.5295 | F23: =IF(+E23/D23-1=-1,0,+E23/D23-1) -> 0.0017150268
B24: USD | C24: DOP | D24: =SUMIFS('Data Paridad NY'!B:B,'Data Paridad NY'!F:F,CONCATENATE(B24,C24),'Data Paridad NY'!A:A,$D$4) -> 58.325 | E24: =SUMIFS('Data Paridad NY'!B:B,'Data Paridad NY'!F:F,CONCATENATE(B24,C24),'Data Paridad NY'!A:A,$E$4) -> 58.241 | F24: =IF(+E24/D24-1=-1,0,+E24/D24-1) -> -0.0014402057
B25: USD | C25: UYU | D25: =SUMIFS('Data Paridad NY'!B:B,'Data Paridad NY'!F:F,CONCATENATE(B25,C25),'Data Paridad NY'!A:A,$D$4) -> 40.2186 | E25: =SUMIFS('Data Paridad NY'!B:B,'Data Paridad NY'!F:F,CONCATENATE(B25,C25),'Data Paridad NY'!A:A,$E$4) -> 40.265 | F25: =IF(+E25/D25-1=-1,0,+E25/D25-1) -> 0.0011536951
B26: USD | C26: ARS MAE | D26: =SUMIFS('Data Paridad NY'!B:B,'Data Paridad NY'!F:F,CONCATENATE(B26,C26),'Data Paridad NY'!A:A,$D$4) -> 1489.0406 | E26: =SUMIFS('Data Paridad NY'!B:B,'Data Paridad NY'!F:F,CONCATENATE(B26,C26),'Data Paridad NY'!A:A,$E$4) -> 1487.6575 | F26: =IF(+E26/D26-1=-1,0,+E26/D26-1) -> -0.00092885312
B27: USD | C27: ARS | D27: =SUMIFS('Data Paridad NY'!B:B,'Data Paridad NY'!F:F,CONCATENATE(B27,C27),'Data Paridad NY'!A:A,$D$4) -> 1565.1013 | E27: =SUMIFS('Data Paridad NY'!B:B,'Data Paridad NY'!F:F,CONCATENATE(B27,C27),'Data Paridad NY'!A:A,$E$4) -> 1577.5941 | F27: =IF(+E27/D27-1=-1,0,+E27/D27-1) -> 0.0079821249
B28: USD | C28: USM | D28: =SUMIFS('Data Paridad NY'!B:B,'Data Paridad NY'!F:F,CONCATENATE(B28,C28),'Data Paridad NY'!A:A,$D$4) -> 1 | E28: =SUMIFS('Data Paridad NY'!B:B,'Data Paridad NY'!F:F,CONCATENATE(B28,C28),'Data Paridad NY'!A:A,$E$4) -> 1 | F28: =IF(+E28/D28-1=-1,0,+E28/D28-1) -> 0
... B45: USD | C45: COP TRM | D45: =SUMIFS('Data Paridad NY'!B:B,'Data Paridad NY'!F:F,CONCATENATE(B45,C45),'Data Paridad NY'!A:A,$D$4) -> 3132.42 | E45: =SUMIFS('Data Paridad NY'!B:B,'Data Paridad NY'!F:F,CONCATENATE(B45,C45),'Data Paridad NY'!A:A,$E$4) -> 3144.14 | F45: =IF(+E45/D45-1=-1,0,+E45/D45-1) -> 0.0037415161

Sheet Data Paridad NY
A1: Date | B1: Price | C1: Investment Code | D1: PriceDenomination Code | E1: PriceList Code
A2: 46234 | B2: 1 | C2: ARS | D2: ARS MAE | E2: BL_DL_CCYALL_CLOSENY | F2: =_xlfn.CONCAT(C2,D2) -> ARSARS MAE
A3: 46233 | B3: 1 | C3: ARS | D3: ARS MAE | E3: BL_DL_CCYALL_CLOSENY | F3: =_xlfn.CONCAT(C3,D3) -> ARSARS MAE
A4: 46234 | B4: 0.7019 | C4: AUD | D4: USD | E4: BL_DL_CCYALL_CLOSENY | F4: =_xlfn.CONCAT(C4,D4) -> AUDUSD
A5: 46233 | B5: 0.7027 | C5: AUD | D5: USD | E5: BL_DL_CCYALL_CLOSENY | F5: =_xlfn.CONCAT(C5,D5) -> AUDUSD
A6: 46234 | B6: 40844.79 | C6: CLF | D6: CLP | E6: BL_DL_CCYALL_CLOSENY | F6: =_xlfn.CONCAT(C6,D6) -> CLFCLP
A7: 46233 | B7: 40844.79 | C7: CLF | D7: CLP | E7: BL_DL_CCYALL_CLOSENY | F7: =_xlfn.CONCAT(C7,D7) -> CLFCLP
A8: 46234 | B8: 43.993871 | C8: CLF | D8: USD | E8: BL_DL_CCYALL_CLOSENY | F8: =_xlfn.CONCAT(C8,D8) -> CLFUSD
A9: 46233 | B9: 44.167034 | C9: CLF | D9: USD | E9: BL_DL_CCYALL_CLOSENY | F9: =_xlfn.CONCAT(C9,D9) -> CLFUSD
A10: 46234 | B10: 38.160219 | C10: EUR | D10: CLF | E10: BL_DL_CCYALL_CLOSENY | F10: =_xlfn.CONCAT(C10,D10) -> EURCLF
A11: 46233 | B11: 38.301566 | C11: EUR | D11: CLF | E11: BL_DL_CCYALL_CLOSENY | F11: =_xlfn.CONCAT(C11,D11) -> EURCLF
A12: 46234 | B12: 1.1527 | C12: EUR | D12: USD | E12: BL_DL_CCYALL_CLOSENY | F12: =_xlfn.CONCAT(C12,D12) -> EURUSD
A13: 46233 | B13: 1.1527 | C13: EUR | D13: USD | E13: BL_DL_CCYALL_CLOSENY | F13: =_xlfn.CONCAT(C13,D13) -> EURUSD
... A83: 46233 | B83: 0.13363297 | C83: UVR Curncy | D83: USD | E83: BL_DL_CCYALL_CLOSENY | F83: =_xlfn.CONCAT(C83,D83) -> UVR CurncyUSD

Sheet Data Paridad LDN
A1: Date | B1: Price | C1: Investment Code | D1: PriceDenomination Code | E1: PriceList Code
A2: 46234 | B2: 1.1505494 | C2: EUR | D2: USD | E2: BL_DL_CCYALL_CLOSELDN | F2: =_xlfn.CONCAT(C2,D2) -> EURUSD
A3: 46233 | B3: 1.1503509 | C3: EUR | D3: USD | E3: BL_DL_CCYALL_CLOSELDN | F3: =_xlfn.CONCAT(C3,D3) -> EURUSD
A4: 46234 | B4: 1.3457501 | C4: GBP | D4: USD | E4: BL_DL_CCYALL_CLOSELDN | F4: =_xlfn.CONCAT(C4,D4) -> GBPUSD
A5: 46233 | B5: 1.3427505 | C5: GBP | D5: USD | E5: BL_DL_CCYALL_CLOSELDN | F5: =_xlfn.CONCAT(C5,D5) -> GBPUSD
A6: 46234 | B6: 1577.5941 | C6: USD | D6: ARS | E6: BL_DL_CCYALL_CLOSELDN | F6: =_xlfn.CONCAT(C6,D6) -> USDARS
A7: 46233 | B7: 1492.0102 | C7: USD | D7: ARS | E7: BL_DL_CCYALL_CLOSELDN | F7: =_xlfn.CONCAT(C7,D7) -> USDARS
A8: 46234 | B8: 5.08065 | C8: USD | D8: BRL | E8: BL_DL_CCYALL_CLOSELDN | F8: =_xlfn.CONCAT(C8,D8) -> USDBRL
A9: 46233 | B9: 5.06925 | C9: USD | D9: BRL | E9: BL_DL_CCYALL_CLOSELDN | F9: =_xlfn.CONCAT(C9,D9) -> USDBRL
A10: 46234 | B10: 1.40285 | C10: USD | D10: CAD | E10: BL_DL_CCYALL_CLOSELDN | F10: =_xlfn.CONCAT(C10,D10) -> USDCAD
A11: 46233 | B11: 1.40165 | C11: USD | D11: CAD | E11: BL_DL_CCYALL_CLOSELDN | F11: =_xlfn.CONCAT(C11,D11) -> USDCAD
A12: 46234 | B12: 928.475 | C12: USD | D12: CLP | E12: BL_DL_CCYALL_CLOSELDN | F12: =_xlfn.CONCAT(C12,D12) -> USDCLP
A13: 46233 | B13: 924.375 | C13: USD | D13: CLP | E13: BL_DL_CCYALL_CLOSELDN | F13: =_xlfn.CONCAT(C13,D13) -> USDCLP
... A25: 46233 | B25: 1507.8957 | C25: USM | D25: ARS | E25: BL_DL_CCYALL_CLOSELDN | F25: =_xlfn.CONCAT(C25,D25) -> USMARS

Sheet Data EUR|USD OBS
A1: Date | B1: Price | C1: Investment Code | D1: PriceDenomination Code | E1: PriceList Code
A2: 46234 | B2: 1070.35 | C2: EUR | D2: CLP | E2: BL_DL_USDOBS_CLOSE | F2: =_xlfn.CONCAT(C2,D2) -> EURCLP
A3: 46233 | B3: 1066.4 | C3: EUR | D3: CLP | E3: BL_DL_USDOBS_CLOSE | F3: =_xlfn.CONCAT(C3,D3) -> EURCLP
A4: 46234 | B4: 928.42 | C4: USD | D4: CLP | E4: BL_DL_USDOBS_CLOSE | F4: =_xlfn.CONCAT(C4,D4) -> USDCLP
A5: 46233 | B5: 924.78 | C5: USD | D5: CLP | E5: BL_DL_USDOBS_CLOSE | F5: =_xlfn.CONCAT(C5,D5) -> USDCLP
